Flow IAT Mean,Label
4.0,BENIGN
1.0,BENIGN
1.0,BENIGN
1.0,BENIGN
3.0,BENIGN
1.0,BENIGN
1.0,BENIGN
1.0,BENIGN
60.900000000000006,BENIGN
73.25000000000001,BENIGN
82.85714285714286,BENIGN
52.400000000000006,BENIGN
6.0,BENIGN
79.92857142857142,BENIGN
735.1200000000001,BENIGN
82.2,BENIGN
73.0,BENIGN
100.9,BENIGN
61.6,BENIGN
5.0,BENIGN
78.83333333333333,BENIGN
66.21428571428571,BENIGN
69.49999999999999,BENIGN
95.3,BENIGN
56.92307692307692,BENIGN
3349.260869565217,BENIGN
46.0,BENIGN
74.13333333333334,BENIGN
65.5,BENIGN
6773.833333333333,BENIGN
4.0,BENIGN
775324.9705882352,BENIGN
26.0,BENIGN
0.0,BENIGN
76.21428571428572,BENIGN
153.7391304347826,BENIGN
21636.125000000004,BENIGN
23.0,BENIGN
315005.8333333334,BENIGN
55.0,BENIGN
35.69230769230769,BENIGN
1.0,BENIGN
83.92857142857144,BENIGN
2662.620689655173,BENIGN
75.21428571428572,BENIGN
33.53846153846154,BENIGN
1.0,BENIGN
83.71428571428572,BENIGN
1657683.7352941176,BENIGN
73.0,BENIGN
36.57142857142857,BENIGN
73.33333333333333,BENIGN
542.9310344827588,BENIGN
81.07142857142856,BENIGN
32.69230769230769,BENIGN
1.0,BENIGN
74.80000000000001,BENIGN
44.642857142857146,BENIGN
82.50000000000001,BENIGN
32.64285714285714,BENIGN
83.92857142857143,BENIGN
3403.8749999999995,BENIGN
3849.25,BENIGN
8645.39393939394,BENIGN
917029.2916666666,BENIGN
71.0,BENIGN
2185288.777777778,BENIGN
82.21428571428571,BENIGN
28.538461538461547,BENIGN
1.0,BENIGN
81.78571428571429,BENIGN
3173.9687499999995,BENIGN
1.0,BENIGN
520518.0347826088,BENIGN
1.3333333333333333,BENIGN
1.0,BENIGN
1.0,BENIGN
0.0,BENIGN
1.0,BENIGN
1.0,BENIGN
0.0,BENIGN
1.0,BENIGN
1.0,BENIGN
1.0,BENIGN
1.0,BENIGN
1.0,BENIGN
1.0,BENIGN
1.0,BENIGN
1.0,BENIGN
4.0,BENIGN
1.0,BENIGN
1.0,BENIGN
0.0,BENIGN
1.0,BENIGN
1.0,BENIGN
3.0,BENIGN
1.0,BENIGN
0.0,BENIGN
1.0,BENIGN
1.0,BENIGN
1.0,BENIGN
3.0,BENIGN
1.0,BENIGN
0.0,BENIGN
1.0,BENIGN
0.0,BENIGN
1.0,BENIGN
4.0,BENIGN
1.0,BENIGN
1.0,BENIGN
1.0,BENIGN
1.0,BENIGN
1.0,BENIGN
4.0,BENIGN
0.0,BENIGN
1.0,BENIGN
1.0,BENIGN
1.0,BENIGN
1.0,BENIGN
37440.66666666667,BENIGN
81.6,BENIGN
5955564.454545455,BENIGN
304.83333333333337,BENIGN
233.8333333333333,BENIGN
82.96666666666667,BENIGN
6521.5,BENIGN
82.21428571428572,BENIGN
428484.66917293234,BENIGN
104828.9,BENIGN
10410.08653846154,BENIGN
154964.2857142857,BENIGN
5707.973404255323,BENIGN
153450.96363636362,BENIGN
4469146.4,BENIGN
4536337.133333334,BENIGN
14010656.2,BENIGN
4120724.882352941,BENIGN
4062715.176470589,BENIGN
6180696.636363637,BENIGN
4534319.933333334,BENIGN
4293766.352941177,BENIGN
4801231.066666667,BENIGN
4801175.2,BENIGN
3175101.1578947366,BENIGN
4871280.066666666,BENIGN
4938119.133333334,BENIGN
4938090.933333334,BENIGN
218997.9586206897,BENIGN
1071162.3333333333,BENIGN
569668.5117647059,BENIGN
22031337.0,BENIGN
327904.66165413527,BENIGN
3111699.518518519,BENIGN
21345613.333333336,BENIGN
4000032.823529412,BENIGN
5159770.461538462,BENIGN
276527.6193548389,BENIGN
833921.1562499999,BENIGN
1159969.076923077,BENIGN
888182.875,BENIGN
69.0,BENIGN
4602933.133333334,BENIGN
4604966.2,BENIGN
4602136.8,BENIGN
4119103.823529412,BENIGN
6362428.181818182,BENIGN
4670325.266666667,BENIGN
5070764.999999999,BENIGN
4601264.733333333,BENIGN
5158274.692307693,BENIGN
5083137.153846154,BENIGN
5234787.076923076,BENIGN
739116.9615384615,BENIGN
67.0,BENIGN
5469736.533333332,BENIGN
5364817.785714285,BENIGN
21364694.333333336,BENIGN
891518.4444444445,BENIGN
1673955.6666666667,BENIGN
5673163.083333333,BENIGN
5002954.823529412,BENIGN
5673124.666666667,BENIGN
5161499.0,BENIGN
36247.0625,BENIGN
4871.613445378156,BENIGN
1252.7654054054055,BENIGN
5313705.384615385,BENIGN
6002014.533333332,BENIGN
159027.52830188678,BENIGN
307684.41137123754,BENIGN
5794210.578947369,BENIGN
5900601.789473684,BENIGN
5895916.421052632,BENIGN
6175079.181818182,BENIGN
937691.6585365852,BENIGN
3063574.863636364,BENIGN
9146013.857142856,BENIGN
1442.7820512820506,BENIGN
37485.0,BENIGN
749730.5636363635,BENIGN
569237.714285714,BENIGN
10051587.363636363,BENIGN
78.5,BENIGN
45846.833333333336,BENIGN
35848.77272727272,BENIGN
118.0,BENIGN
40552.31914893616,BENIGN
0.0,BENIGN
235.5,BENIGN
80.78571428571429,BENIGN
82.00000000000001,BENIGN
899247.4421052629,BENIGN
7449.142857142859,BENIGN
11.0,BENIGN
6527.934782608695,BENIGN
65.0,BENIGN
3379565.333333333,BENIGN
180567.7142857143,BENIGN
3.0,BENIGN
419705.5,BENIGN
184.0,BENIGN
31524.83333333333,BENIGN
757.0,BENIGN
20764.25675675676,BENIGN
150.0,BENIGN
21364771.666666664,BENIGN
6131301.5,BENIGN
22016852.666666664,BENIGN
22007917.333333336,BENIGN
23015068.0,BENIGN
22007906.333333336,BENIGN
23019195.666666664,BENIGN
22365492.666666664,BENIGN
22009991.333333336,BENIGN
9714312.142857142,BENIGN
1.2727272727272725,BENIGN
30531.0,BENIGN
23027020.0,BENIGN
22359318.666666664,BENIGN
22026061.333333336,BENIGN
23026967.333333336,BENIGN
17633.05882352941,BENIGN
185.0,BENIGN
5583.820895522385,BENIGN
3.0,BENIGN
1.5454545454545456,BENIGN
21698039.0,BENIGN
432658.4166666666,BENIGN
355432.73333333334,BENIGN
3.0,BENIGN
3.0,BENIGN
1957000.3333333333,BENIGN
1717192.6666666667,BENIGN
395238.5714285715,BENIGN
362404.7857142857,BENIGN
21345627.333333336,BENIGN
9714308.57142857,BENIGN
22359277.666666664,BENIGN
23010041.333333336,BENIGN
22364839.666666664,BENIGN
22692571.333333336,BENIGN
4852923.913043477,BENIGN
4852881.6086956505,BENIGN
22360418.666666664,BENIGN
22350746.0,BENIGN
23015070.0,BENIGN
22007441.0,BENIGN
22019144.0,BENIGN
3230248.6086956523,BENIGN
22350871.666666664,BENIGN
22026965.333333336,BENIGN
22029335.0,BENIGN
9857139.42857143,BENIGN
22674598.666666664,BENIGN
22037171.666666664,BENIGN
22364890.666666664,BENIGN
22007975.666666664,BENIGN
22360419.333333336,BENIGN
22681864.333333336,BENIGN
34.42857142857143,BENIGN
75.2,BENIGN
553.4074074074074,BENIGN
77.7857142857143,BENIGN
33.92307692307693,BENIGN
1.0,BENIGN
80.64285714285715,BENIGN
22025856.666666664,BENIGN
23025932.0,BENIGN
23016737.0,BENIGN
22010098.333333336,BENIGN
23033214.333333336,BENIGN
22025846.0,BENIGN
30923.0,BENIGN
22029516.666666664,BENIGN
640677.8888888889,BENIGN
162.5,BENIGN
15107.56273764258,BENIGN
650275.847826087,BENIGN
2359651.653846154,BENIGN
23037153.0,BENIGN
21342104.333333336,BENIGN
22007395.0,BENIGN
68.1,BENIGN
49.5,BENIGN
74.0,BENIGN
70.91666666666666,BENIGN
77.14285714285714,BENIGN
69.28571428571426,BENIGN
51.0,BENIGN
61.2,BENIGN
71.83333333333333,BENIGN
70.78571428571428,BENIGN
132481.84,BENIGN
2439572.32,BENIGN
608040.1111111111,BENIGN
17281.0,BENIGN
231.0,BENIGN
2360564.230769231,BENIGN
19068.778260869567,BENIGN
4.0,BENIGN
2.090909090909091,BENIGN
1.7391304347826086,BENIGN
640769.9579831936,BENIGN
79.07142857142858,BENIGN
82.42857142857142,BENIGN
56.4,BENIGN
141.0,BENIGN
55866.66666666666,BENIGN
20.5,BENIGN
1799240.4210526317,BENIGN
207615.0810810811,BENIGN
2.0,BENIGN
23395.25,BENIGN
45.0,BENIGN
9143971.999999998,BENIGN
45385.54285714288,BENIGN
57.0,BENIGN
70.5,BENIGN
70.92857142857143,BENIGN
3272.9166666666665,BENIGN
81688.04545454544,BENIGN
200515.1111111111,BENIGN
3.0,BENIGN
225804.2916666667,BENIGN
156.0,BENIGN
2516736.458333333,BENIGN
593672.9736842106,BENIGN
656684.2647058824,BENIGN
66.0,BENIGN
70.0,BENIGN
9141.076923076924,BENIGN
3.0,BENIGN
25419.703703703704,BENIGN
3.0,BENIGN
12019.076327005036,BENIGN
106.0,BENIGN
11936.692307692309,BENIGN
190.0,BENIGN
19297.125000000004,BENIGN
3640768.4375,BENIGN
51206.66666666667,BENIGN
2325237.961538461,BENIGN
3983587.48275862,BENIGN
2364421.3111111107,BENIGN
2364421.48888889,BENIGN
973907.0,BENIGN
37020.20652173913,BENIGN
36512.00000000001,BENIGN
54.5,BENIGN
22045.08626198084,BENIGN
5223896.047619048,BENIGN
3.0,BENIGN
3996117.172413793,BENIGN
3242470.714285714,BENIGN
4.0,BENIGN
4127609.428571429,BENIGN
3.0,BENIGN
558929.4574468085,BENIGN
58.0,BENIGN
3497010.6363636367,BENIGN
2421389.36,BENIGN
3105082.444444444,BENIGN
3992890.896551725,BENIGN
3508929.9090909096,BENIGN
3983084.620689656,BENIGN
3038461.3684210526,BENIGN
273.0,BENIGN
22364787.0,BENIGN
27114.125,BENIGN
3.0,BENIGN
19722.72727272728,BENIGN
3.0,BENIGN
27176.250000000004,BENIGN
3.0,BENIGN
18079.25,BENIGN
1657410.5714285714,BENIGN
3.0,BENIGN
1.818181818181818,BENIGN
2836006.1750000007,BENIGN
22007944.0,BENIGN
22016859.666666664,BENIGN
168235.4663573086,BENIGN
1868507.1666666667,BENIGN
3179001.472222222,BENIGN
3741305.9375,BENIGN
1.0,BENIGN
778639.6688741721,BENIGN
28.0,BENIGN
2172151.872727273,BENIGN
523.9324324324324,BENIGN
8573.0,BENIGN
22032165.0,BENIGN
3858551.896551724,BENIGN
60.0,BENIGN
60.9,BENIGN
22352994.333333336,BENIGN
22674595.0,BENIGN
9571470.857142856,BENIGN
69.0,BENIGN
93.9,BENIGN
54.7,BENIGN
3.0,BENIGN
69.16666666666667,BENIGN
21579.64243885636,BENIGN
22348416.666666664,BENIGN
22344056.0,BENIGN
71.49999999999999,BENIGN
22692543.0,BENIGN
22026014.666666664,BENIGN
19026.17647058823,BENIGN
1691347.3333333333,BENIGN
1691526.3333333333,BENIGN
1691476.0,BENIGN
1691501.3333333333,BENIGN
3728714.9032258056,BENIGN
23027040.0,BENIGN
620897.7777777778,BENIGN
375176.4666666667,BENIGN
435953.2307692308,BENIGN
137.5,BENIGN
22693604.333333336,BENIGN
22031374.0,BENIGN
274530.22222222225,BENIGN
4.0,BENIGN
379894.8,BENIGN
626538.0,BENIGN
37.0,BENIGN
21345585.666666664,BENIGN
39.84615384615384,BENIGN
1.0,BENIGN
77.35714285714286,BENIGN
29.23076923076923,BENIGN
1.0,BENIGN
78.57142857142858,BENIGN
9428599.857142856,BENIGN
16746.841004184083,BENIGN
31043.0,BENIGN
3754.4375,BENIGN
1.0,BENIGN
4453001.066666666,BENIGN
22343390.0,BENIGN
22364819.666666664,BENIGN
3954919.1666666665,BENIGN
22025827.666666664,BENIGN
33999986.0,BENIGN
22007499.0,BENIGN
22026650.0,BENIGN
22017394.666666664,BENIGN
21364638.333333336,BENIGN
24013.0,BENIGN
22352551.0,BENIGN
22017375.333333336,BENIGN
22015134.333333336,BENIGN
2044692.9259259256,BENIGN
224.0,BENIGN
1974468.25,BENIGN
262.0,BENIGN
1088625.8703703706,BENIGN
22696072.0,BENIGN
22693605.0,BENIGN
83.64285714285714,BENIGN
388375.06666666665,BENIGN
18.0,BENIGN
9714304.285714284,BENIGN
1721885.5384615385,BENIGN
49.0,BENIGN
22007949.333333336,BENIGN
22370553.333333336,BENIGN
22348517.666666664,BENIGN
22026825.333333336,BENIGN
836896.8,BENIGN
3.0,BENIGN
23025860.333333336,BENIGN
1664958.333333333,BENIGN
2953116.0344827585,BENIGN
7773453.5,BENIGN
3.0,BENIGN
22359344.0,BENIGN
22366625.666666664,BENIGN
4520137.916666667,BENIGN
22350082.666666664,BENIGN
22025798.666666664,BENIGN
23010079.666666664,BENIGN
5158293.615384616,BENIGN
1177338.6764705884,BENIGN
64.0,BENIGN
4605163.066666666,BENIGN
22012173.0,BENIGN
5235595.461538462,BENIGN
5309529.769230769,BENIGN
386955.0936454849,BENIGN
353499.34939759044,BENIGN
4618925.666666667,BENIGN
30674.0,BENIGN
2447610.5000000005,BENIGN
706898.2378048777,BENIGN
22696196.666666664,BENIGN
1471857.0,BENIGN
4474301.94117647,BENIGN
5236264.0,BENIGN
5312097.23076923,BENIGN
3931695.7666666666,BENIGN
1093278.7037037036,BENIGN
6711138.9,BENIGN
4652504.647058823,BENIGN
21342031.333333336,BENIGN
111894.0,BENIGN
5735404.285714285,BENIGN
47221.6339444116,BENIGN
5063675.1875,BENIGN
5617757.357142857,BENIGN
1709718.759259259,BENIGN
11177791.000000002,BENIGN
14970575.714285713,BENIGN
14970585.285714284,BENIGN
4.0,BENIGN
4.0,BENIGN
10.0,BENIGN
696163.0000000001,BENIGN
1177495.2,BENIGN
4.0,BENIGN
3.0,BENIGN
695453.857142857,BENIGN
581.0,BENIGN
3683484.375,BENIGN
840265.8571428572,BENIGN
3.0,BENIGN
22364713.0,BENIGN
5537843.866666666,BENIGN
3630113.0,BENIGN
5672264.833333334,BENIGN
1863315.0689655168,BENIGN
1864867.4827586203,BENIGN
5158251.384615384,BENIGN
22007476.333333336,BENIGN
7878234.625000001,BENIGN
5252173.0,BENIGN
208.0,BENIGN
3.0,BENIGN
1179450.0,BENIGN
215.0,BENIGN
5309518.461538462,BENIGN
2351159.730769231,BENIGN
2351238.2307692305,BENIGN
2351171.5,BENIGN
2351243.8076923084,BENIGN
2351224.6153846155,BENIGN
1972267.8064516129,BENIGN
2344103.9615384606,BENIGN
21698054.666666664,BENIGN
6320127.9,BENIGN
3.0,BENIGN
2351717.076923077,BENIGN
5956354.545454546,BENIGN
279366.5839598997,BENIGN
9143754.0,BENIGN
5793692.7894736845,BENIGN
1.9,BENIGN
6225036.277777778,BENIGN
5899350.473684211,BENIGN
3333573.363636364,BENIGN
3867607.5,BENIGN
48.0,BENIGN
84.92857142857142,BENIGN
480.0,BENIGN
613605.3823529413,BENIGN
13748.249999999998,BENIGN
311.8333333333333,BENIGN
390965.4615384616,BENIGN
363006.9285714286,BENIGN
338804.46666666673,BENIGN
423524.4166666667,BENIGN
391021.8461538461,BENIGN
423604.5,BENIGN
30525.0,BENIGN
428747.6428571429,BENIGN
434483.9230769231,BENIGN
3436150.588235293,BENIGN
4.0,BENIGN
1702653.0,BENIGN
1702639.3333333333,BENIGN
1701594.6666666667,BENIGN
453669.6666666666,BENIGN
3.0,BENIGN
73063.26923076922,BENIGN
3627.697095435689,BENIGN
2093.189636163176,BENIGN
284957.3055555555,BENIGN
154.0,BENIGN
171983.4897959184,BENIGN
632947.3750000001,BENIGN
135.0,BENIGN
635702.9999999999,BENIGN
130.0,BENIGN
678471.0,BENIGN
56.0,BENIGN
1199032.6,BENIGN
3.0,BENIGN
539709.8421052633,BENIGN
81.0,BENIGN
90.4,BENIGN
68.4,BENIGN
538.1500000000001,BENIGN
1.0,BENIGN
2.0,BENIGN
2960.6363636363626,BENIGN
45.0,BENIGN
50821.36363636364,BENIGN
2974880.615384616,BENIGN
604273.1666666666,BENIGN
213.0,BENIGN
3.0,BENIGN
2355687.744680851,BENIGN
2606831.6744186054,BENIGN
82.71428571428571,BENIGN
40051.0,BENIGN
21364690.666666664,BENIGN
1432735.790123457,BENIGN
2319374.9199999995,BENIGN
3.0,BENIGN
2637549.4772727275,BENIGN
3.0,BENIGN
4.0,BENIGN
134.0,BENIGN
1.4545454545454546,BENIGN
346799.1333333333,BENIGN
58007.0,BENIGN
30490.0,BENIGN
30463.0,BENIGN
60644.0,BENIGN
30808.0,BENIGN
53365.0,BENIGN
16624.6,BENIGN
359.0,BENIGN
3.0,BENIGN
23352.0,BENIGN
19230.115384615387,BENIGN
3.0,BENIGN
22350166.0,BENIGN
7687.416666666667,BENIGN
30574.0,BENIGN
1.5,BENIGN
14430.5,BENIGN
248.0,BENIGN
11664.4,BENIGN
14447.5,BENIGN
14506.25,BENIGN
14521.5,BENIGN
388.0,BENIGN
433.0,BENIGN
868.0,BENIGN
42466.5,BENIGN
257.0,BENIGN
9929.333333333334,BENIGN
181.0,BENIGN
10060.166666666668,BENIGN
322.0,BENIGN
22674562.0,BENIGN
1.5,BENIGN
23384.333333333336,BENIGN
433313.1666666667,BENIGN
30644.0,BENIGN
40281.66666666666,BENIGN
240.0,BENIGN
3.0,BENIGN
30715.0,BENIGN
16676.647058823528,BENIGN
166.0,BENIGN
6933.346153846155,BENIGN
233.0,BENIGN
7984.333333333334,BENIGN
60902.0,BENIGN
4807.904109589039,BENIGN
237.0,BENIGN
9820.833333333334,BENIGN
179.0,BENIGN
385317.9285714286,BENIGN
64.5,BENIGN
22365470.0,BENIGN
474748.5833333333,BENIGN
417521.2307692308,BENIGN
140328.0,BENIGN
190278.0,BENIGN
22008002.333333336,BENIGN
472.0,BENIGN
6129.333333333333,BENIGN
83.49999999999999,BENIGN
517753.535,BENIGN
623.0,BENIGN
82.0,BENIGN
202858.0,BENIGN
25138.33333333333,BENIGN
3812.0,BENIGN
23019204.0,BENIGN
322741.68749999994,BENIGN
30289.0,BENIGN
18302.0,BENIGN
1665.0,BENIGN
34444.64705882354,BENIGN
7667.5,BENIGN
338268.51940298494,BENIGN
7900.333333333333,BENIGN
3941.0,BENIGN
60812.0,BENIGN
52471.833333333336,BENIGN
3114.0,BENIGN
19858.0,BENIGN
2.0,BENIGN
15709958.428571427,BENIGN
8906039.857142856,BENIGN
525305.1666666667,BENIGN
3237.0,BENIGN
10431.833333333332,BENIGN
3179.0,BENIGN
22348545.333333336,BENIGN
22676734.333333336,BENIGN
9714314.0,BENIGN
102540.4705882353,BENIGN
94.0,BENIGN
21698031.0,BENIGN
23025879.0,BENIGN
22026965.0,BENIGN
675589.375,BENIGN
1808776.0,BENIGN
1808757.6666666667,BENIGN
1066350.8,BENIGN
420810.5833333333,BENIGN
2575.3499999999995,BENIGN
2.0,BENIGN
79.0,BENIGN
8167.478260869564,BENIGN
78.0,BENIGN
2906.0,BENIGN
3725.5,BENIGN
3.0,BENIGN
686320.8,BENIGN
80.0,BENIGN
23026028.0,BENIGN
568554.6666666666,BENIGN
305814.17647058825,BENIGN
442676.3333333333,BENIGN
444469.0,BENIGN
353276.9333333333,BENIGN
1132651.8,BENIGN
663546.0,BENIGN
401175.1333333333,BENIGN
117.0,BENIGN
3.0,BENIGN
3.0,BENIGN
4.0,BENIGN
4.0,BENIGN
2.0,BENIGN
275169.7619047619,BENIGN
91.0,BENIGN
1916163.3333333333,BENIGN
1962601.3333333333,BENIGN
11.0,BENIGN
4623081.615384615,BENIGN
21678862.0,BENIGN
30355.0,BENIGN
46875.0,BENIGN
60914.0,BENIGN
1112399.2584269664,BENIGN
68355.11111111111,BENIGN
1596.0,BENIGN
396404.875,BENIGN
5415.0,BENIGN
455534.6428571429,BENIGN
1144.0,BENIGN
411498.9032258065,BENIGN
313.0,BENIGN
347691.8378378378,BENIGN
402103.21875,BENIGN
582.0,BENIGN
3168.0,BENIGN
16713.956521739135,BENIGN
16291.913043478264,BENIGN
7191.18181818182,BENIGN
6749.322033898306,BENIGN
3607.0,BENIGN
6518.796610169496,BENIGN
6452.749999999999,BENIGN
5194.0,BENIGN
5649.333333333334,BENIGN
3394.0,BENIGN
30627.0,BENIGN
106678.07142857143,BENIGN
14210.0,BENIGN
66619.76923076922,BENIGN
3348.0,BENIGN
1025139.0,BENIGN
157369.0,BENIGN
19222.6,BENIGN
138.0,BENIGN
10380.0,BENIGN
81323.91304347826,BENIGN
16732.0,BENIGN
13512.0,BENIGN
93933.6153846154,BENIGN
2988.0,BENIGN
23026960.333333336,BENIGN
35435.72727272727,BENIGN
5737.0,BENIGN
24604.5,BENIGN
35289.33333333333,BENIGN
34482.166666666664,BENIGN
8898.0,BENIGN
8925.0,BENIGN
8931.0,BENIGN
10732.333333333334,BENIGN
22482.78571428572,BENIGN
36546.38888888889,BENIGN
22486.714285714286,BENIGN
15326.0,BENIGN
14556.0,BENIGN
15187.0,BENIGN
15026.0,BENIGN
38775.833333333336,BENIGN
9755.0,BENIGN
109752.75,BENIGN
18.0,BENIGN
520.0,BENIGN
24790.222222222223,BENIGN
2741.333333333333,BENIGN
33051.11111111111,BENIGN
23492.5,BENIGN
4596.5,BENIGN
12366.0,BENIGN
4752.416666666668,BENIGN
4.0,BENIGN
265274.6153846154,BENIGN
9402.0,BENIGN
12134.818181818182,BENIGN
414532.0277777777,BENIGN
73241.0,BENIGN
93605.0,BENIGN
6999.933333333333,BENIGN
7219.333333333333,BENIGN
7009.1875,BENIGN
1610.0,BENIGN
3.0,BENIGN
4.0,BENIGN
14221.5,BENIGN
14244.333333333334,BENIGN
3229.0,BENIGN
6143.0,BENIGN
7187.928571428571,BENIGN
4.0,BENIGN
73296.33333333333,BENIGN
113.0,BENIGN
71339.5,BENIGN
69409.52631578947,BENIGN
12.0,BENIGN
336.0,BENIGN
87581.36842105261,BENIGN
74733.625,BENIGN
104.0,BENIGN
354880.0,BENIGN
5869.076923076924,BENIGN
1781.0,BENIGN
31470.0,BENIGN
962784.0404040404,BENIGN
84868.84210526317,BENIGN
150.0,BENIGN
811467.7894736842,BENIGN
197.0,BENIGN
3763.130434782607,BENIGN
2.0,BENIGN
8.5,BENIGN
7906.340909090909,BENIGN
37.0,BENIGN
669495.2499999999,BENIGN
182.0,BENIGN
669942.3333333333,BENIGN
643128.84,BENIGN
33.0,BENIGN
669666.625,BENIGN
647583.0,BENIGN
21.0,BENIGN
623724.4615384616,BENIGN
158.0,BENIGN
30695.0,BENIGN
467217.90909090906,BENIGN
140.0,BENIGN
1850028.6666666667,BENIGN
1850015.6666666667,BENIGN
463353.1666666667,BENIGN
517956.5454545455,BENIGN
481606.4166666666,BENIGN
4.0,BENIGN
110.0,BENIGN
416894.28571428574,BENIGN
134.0,BENIGN
300462.17647058825,BENIGN
1702420.6666666667,BENIGN
449822.5,BENIGN
3.0,BENIGN
4.0,BENIGN
367130.3125,BENIGN
417924.3846153846,BENIGN
1966105.0,BENIGN
453989.9230769231,BENIGN
401085.8,BENIGN
452129.4615384615,BENIGN
421726.3076923076,BENIGN
394809.8571428572,BENIGN
414983.7692307692,BENIGN
0.0,BENIGN
4.0,BENIGN
3.0,BENIGN
4.0,BENIGN
330609.5625,BENIGN
27.0,BENIGN
337925.3125,BENIGN
114.0,BENIGN
425380.4285714286,BENIGN
398823.2,BENIGN
498637.8333333333,BENIGN
543819.3636363636,BENIGN
2621.0,BENIGN
3.0,BENIGN
3.0,BENIGN
16043.0,BENIGN
7642.937500000001,BENIGN
11893.0,BENIGN
30707.0,BENIGN
70833.0,BENIGN
6272354.363636363,BENIGN
61583.0,BENIGN
22010107.0,BENIGN
30541.0,BENIGN
9857172.285714284,BENIGN
4961186.0,BENIGN
104.5,BENIGN
48448.88888888888,BENIGN
8026.0,BENIGN
9001.5,BENIGN
25874.25,BENIGN
27995.0,BENIGN
27428.375,BENIGN
13409.5,BENIGN
17632.5,BENIGN
17049.0,BENIGN
30280.0,BENIGN
18750.0,BENIGN
211.0,BENIGN
30559.0,BENIGN
22025777.0,BENIGN
60670.0,BENIGN
540043.6842105263,BENIGN
4538502.4,BENIGN
118088.2857142857,BENIGN
5415.0,BENIGN
119996.4705882353,BENIGN
94218.64285714284,BENIGN
5433.333333333333,BENIGN
21781.0,BENIGN
4467181.066666666,BENIGN
4603937.066666666,BENIGN
4114756.588235294,BENIGN
4665044.933333334,BENIGN
12918.615384615388,BENIGN
12897.307692307691,BENIGN
18959.0,BENIGN
62625.0,BENIGN
63023.0,BENIGN
92804.0,BENIGN
119615.0,BENIGN
14852.1875,BENIGN
48.71428571428572,BENIGN
13605644.4,BENIGN
4738976.333333334,BENIGN
4778442.666666667,BENIGN
10468.6875,BENIGN
14242.0,BENIGN
17263.0,BENIGN
2470.8,BENIGN
22007545.0,BENIGN
11310.2,BENIGN
6264.0,BENIGN
371011.8261,FTP-Patator
391497.2609,FTP-Patator
391263.2174,FTP-Patator
391980.9565,FTP-Patator
103.0,FTP-Patator
20.0,FTP-Patator
3.0,FTP-Patator
106.0,FTP-Patator
366592.8696,FTP-Patator
375064.7391,FTP-Patator
366272.8696,FTP-Patator
366399.0435,FTP-Patator
125.5,FTP-Patator
385175.8261,FTP-Patator
2.0,FTP-Patator
49.0,FTP-Patator
366330.6522,FTP-Patator
375024.1739,FTP-Patator
119.5,FTP-Patator
110.0,FTP-Patator
3.0,FTP-Patator
375263.6522,FTP-Patator
375424.2609,FTP-Patator
382140.3043,FTP-Patator
3.0,FTP-Patator
16.0,FTP-Patator
1.0,FTP-Patator
4.0,FTP-Patator
393890.8261,FTP-Patator
394031.6957,FTP-Patator
394766.3043,FTP-Patator
397860.9565,FTP-Patator
3.0,FTP-Patator
369247.7391,FTP-Patator
3.0,FTP-Patator
364856.1304,FTP-Patator
395228.7826,FTP-Patator
4.0,FTP-Patator
2.0,FTP-Patator
3.0,FTP-Patator
112.0,FTP-Patator
387924.8261,FTP-Patator
388294.5652,FTP-Patator
134.0,FTP-Patator
361242.4348,FTP-Patator
49.0,FTP-Patator
3.0,FTP-Patator
3.0,FTP-Patator
377876.2174,FTP-Patator
377985.3043,FTP-Patator
377557.1739,FTP-Patator
4.0,FTP-Patator
373533.0435,FTP-Patator
4.0,FTP-Patator
225.0,FTP-Patator
379357.7826,FTP-Patator
386168.4783,FTP-Patator
386742.2174,FTP-Patator
119.0,FTP-Patator
191.0,FTP-Patator
386232.087,FTP-Patator
386074.4783,FTP-Patator
101.0,FTP-Patator
381679.2609,FTP-Patator
4.0,FTP-Patator
1.0,FTP-Patator
3.0,FTP-Patator
389989.3043,FTP-Patator
390079.8696,FTP-Patator
394801.4783,FTP-Patator
3.0,FTP-Patator
377727.6522,FTP-Patator
4.0,FTP-Patator
113.0,FTP-Patator
3.0,FTP-Patator
1.0,FTP-Patator
347390.5652,FTP-Patator
348589.8696,FTP-Patator
362882.087,FTP-Patator
370794.5652,FTP-Patator
396922.4348,FTP-Patator
1.0,FTP-Patator
64.0,FTP-Patator
105.5,FTP-Patator
1.0,FTP-Patator
357232.7391,FTP-Patator
363982.9565,FTP-Patator
364596.5652,FTP-Patator
120.5,FTP-Patator
423541.087,FTP-Patator
133.0,FTP-Patator
422344.1304,FTP-Patator
1.0,FTP-Patator
3.0,FTP-Patator
3.0,FTP-Patator
3.0,FTP-Patator
4.0,FTP-Patator
383647.4348,FTP-Patator
396308.3913,FTP-Patator
395425.6087,FTP-Patator
385980.913,FTP-Patator
388022.0,FTP-Patator
3.0,FTP-Patator
128.5,FTP-Patator
4.0,FTP-Patator
110.5,FTP-Patator
349744.7826,FTP-Patator
372125.5217,FTP-Patator
367631.087,FTP-Patator
367585.4348,FTP-Patator
108.0,FTP-Patator
0.0,FTP-Patator
1.0,FTP-Patator
3.0,FTP-Patator
373707.0,FTP-Patator
379592.3913,FTP-Patator
372205.2609,FTP-Patator
114.5,FTP-Patator
1.0,FTP-Patator
426948.6522,FTP-Patator
429082.1739,FTP-Patator
4.0,FTP-Patator
49.0,FTP-Patator
1.0,FTP-Patator
18.0,FTP-Patator
392671.6087,FTP-Patator
397974.5217,FTP-Patator
397093.1304,FTP-Patator
396173.913,FTP-Patator
3.0,FTP-Patator
416306.4783,FTP-Patator
1.0,FTP-Patator
2.0,FTP-Patator
362027.2609,FTP-Patator
363347.1739,FTP-Patator
136.5,FTP-Patator
4.0,FTP-Patator
3.0,FTP-Patator
414047.8696,FTP-Patator
415927.7391,FTP-Patator
415516.1739,FTP-Patator
3.0,FTP-Patator
390195.1739,FTP-Patator
2.0,FTP-Patator
4.0,FTP-Patator
49.0,FTP-Patator
413343.8696,FTP-Patator
414803.913,FTP-Patator
414197.3043,FTP-Patator
360614.087,FTP-Patator
3.0,FTP-Patator
127.5,FTP-Patator
3.0,FTP-Patator
3.0,FTP-Patator
3.0,FTP-Patator
3.0,FTP-Patator
408833.6957,FTP-Patator
409733.2174,FTP-Patator
389948.5217,FTP-Patator
416494.5217,FTP-Patator
417957.4783,FTP-Patator
402626.8261,FTP-Patator
75.5,FTP-Patator
96.5,FTP-Patator
139.5,FTP-Patator
398214.2174,FTP-Patator
397558.087,FTP-Patator
3.0,FTP-Patator
415312.7391,FTP-Patator
115.5,FTP-Patator
364319.8696,FTP-Patator
365104.3043,FTP-Patator
345251.3478,FTP-Patator
4.0,FTP-Patator
4.0,FTP-Patator
1.0,FTP-Patator
48.0,FTP-Patator
361655.1739,FTP-Patator
361841.2609,FTP-Patator
340359.3478,FTP-Patator
24.0,FTP-Patator
65.0,FTP-Patator
117.5,FTP-Patator
49.0,FTP-Patator
394399.3478,FTP-Patator
394909.087,FTP-Patator
394409.5217,FTP-Patator
1.0,FTP-Patator
369978.9565,FTP-Patator
3.0,FTP-Patator
3.0,FTP-Patator
4.0,FTP-Patator
4.0,FTP-Patator
1.0,FTP-Patator
370862.3478,FTP-Patator
371022.2174,FTP-Patator
371152.1304,FTP-Patator
371627.087,FTP-Patator
415259.3478,FTP-Patator
357043.6957,FTP-Patator
4.0,FTP-Patator
48.0,FTP-Patator
4.0,FTP-Patator
64.0,FTP-Patator
356914.8261,FTP-Patator
357162.0,FTP-Patator
442381.4348,FTP-Patator
115.5,FTP-Patator
364882.0435,FTP-Patator
401183.3043,FTP-Patator
4.0,FTP-Patator
3.0,FTP-Patator
130.0,FTP-Patator
4.0,FTP-Patator
45.0,FTP-Patator
401001.8696,FTP-Patator
401433.4348,FTP-Patator
401347.6522,FTP-Patator
406787.5217,FTP-Patator
2.0,FTP-Patator
106.0,FTP-Patator
4.0,FTP-Patator
4.0,FTP-Patator
368995.0435,FTP-Patator
373061.2609,FTP-Patator
373061.5217,FTP-Patator
371728.6087,FTP-Patator
369249.7826,FTP-Patator
1.0,FTP-Patator
17.0,FTP-Patator
17.0,FTP-Patator
369490.913,FTP-Patator
369253.3478,FTP-Patator
369073.6522,FTP-Patator
114.5,FTP-Patator
3.0,FTP-Patator
405007.2174,FTP-Patator
408759.8696,FTP-Patator
2.0,FTP-Patator
116.0,FTP-Patator
392310.2609,FTP-Patator
391512.8261,FTP-Patator
393772.913,FTP-Patator
386379.4783,FTP-Patator
4.0,FTP-Patator
3.0,FTP-Patator
4.0,FTP-Patator
429187.913,FTP-Patator
125.0,FTP-Patator
118.0,FTP-Patator
119.5,FTP-Patator
119.0,FTP-Patator
137.5,FTP-Patator
351350.6957,FTP-Patator
360708.3043,FTP-Patator
372465.6522,FTP-Patator
373024.3043,FTP-Patator
372947.3478,FTP-Patator
16.0,FTP-Patator
67.0,FTP-Patator
361737.3043,FTP-Patator
362202.0435,FTP-Patator
2.0,FTP-Patator
3.0,FTP-Patator
453832.6087,FTP-Patator
453860.2174,FTP-Patator
3.0,FTP-Patator
3.0,FTP-Patator
349109.3043,FTP-Patator
365315.913,FTP-Patator
365180.0435,FTP-Patator
365472.2609,FTP-Patator
425455.3478,FTP-Patator
49.0,FTP-Patator
2.0,FTP-Patator
4.0,FTP-Patator
4.0,FTP-Patator
358417.087,FTP-Patator
3.0,FTP-Patator
3.0,FTP-Patator
380306.4783,FTP-Patator
380662.7826,FTP-Patator
125.5,FTP-Patator
122.0,FTP-Patator
381864.4348,FTP-Patator
382214.3043,FTP-Patator
118.0,FTP-Patator
401203.5217,FTP-Patator
4.0,FTP-Patator
3.0,FTP-Patator
133.0,FTP-Patator
102.0,FTP-Patator
93.0,FTP-Patator
397128.3478,FTP-Patator
398568.9565,FTP-Patator
398578.1739,FTP-Patator
398425.5217,FTP-Patator
420689.6087,FTP-Patator
45.0,FTP-Patator
134.5,FTP-Patator
381352.6522,FTP-Patator
381380.6957,FTP-Patator
47.0,FTP-Patator
50.0,FTP-Patator
394872.8261,FTP-Patator
395065.8261,FTP-Patator
49.0,FTP-Patator
384645.6522,FTP-Patator
45.0,FTP-Patator
118.0,FTP-Patator
4.0,FTP-Patator
1.0,FTP-Patator
139.5,FTP-Patator
395892.0,FTP-Patator
395369.7826,FTP-Patator
405115.8261,FTP-Patator
2.0,FTP-Patator
1.0,FTP-Patator
408807.7391,FTP-Patator
408604.8696,FTP-Patator
17.0,FTP-Patator
118.0,FTP-Patator
393121.3478,FTP-Patator
393010.087,FTP-Patator
3.0,FTP-Patator
2.0,FTP-Patator
2.0,FTP-Patator
46.0,FTP-Patator
4.0,FTP-Patator
102.0,FTP-Patator
380103.5652,FTP-Patator
383538.8696,FTP-Patator
381546.3913,FTP-Patator
382696.3913,FTP-Patator
384721.7391,FTP-Patator
423793.2174,FTP-Patator
18.0,FTP-Patator
3.0,FTP-Patator
398221.087,FTP-Patator
398382.6087,FTP-Patator
3.0,FTP-Patator
402381.8261,FTP-Patator
406237.5217,FTP-Patator
1.0,FTP-Patator
92.0,FTP-Patator
363551.6087,FTP-Patator
371470.3478,FTP-Patator
45.0,FTP-Patator
3.0,FTP-Patator
1.0,FTP-Patator
2.0,FTP-Patator
123.5,FTP-Patator
423837.5217,FTP-Patator
409278.5217,FTP-Patator
409438.9565,FTP-Patator
425475.6087,FTP-Patator
119.5,FTP-Patator
398890.0,FTP-Patator
421848.3043,FTP-Patator
1.0,FTP-Patator
192.0,FTP-Patator
0.0,FTP-Patator
2.0,FTP-Patator
49.0,FTP-Patator
48.0,FTP-Patator
1.0,FTP-Patator
48.0,FTP-Patator
1.0,FTP-Patator
48.0,FTP-Patator
36519.0,FTP-Patator
39749.0,FTP-Patator
37091.0,FTP-Patator
40020.0,FTP-Patator
39461.0,FTP-Patator
37248.0,FTP-Patator
37248.0,FTP-Patator
40004.0,FTP-Patator
36519.0,FTP-Patator
39753.0,FTP-Patator
3.0,FTP-Patator
152.5,FTP-Patator
407018.4783,FTP-Patator
406691.8261,FTP-Patator
2.0,FTP-Patator
420500.5652,FTP-Patator
431734.0435,FTP-Patator
129.0,FTP-Patator
3.0,FTP-Patator
3.0,FTP-Patator
110.5,FTP-Patator
4.0,FTP-Patator
389171.0435,FTP-Patator
389923.7391,FTP-Patator
387481.4783,FTP-Patator
387830.1304,FTP-Patator
3.0,FTP-Patator
368129.3478,FTP-Patator
64.0,FTP-Patator
414591.7391,FTP-Patator
4.0,FTP-Patator
384246.8696,FTP-Patator
384904.2609,FTP-Patator
4.0,FTP-Patator
1.0,FTP-Patator
368231.4783,FTP-Patator
368412.1304,FTP-Patator
377849.0,FTP-Patator
4.0,FTP-Patator
399981.3043,FTP-Patator
19.0,FTP-Patator
441654.5652,FTP-Patator
449368.3913,FTP-Patator
3.0,FTP-Patator
3.0,FTP-Patator
395994.9565,FTP-Patator
19.0,FTP-Patator
409117.6957,FTP-Patator
420544.5217,FTP-Patator
4.0,FTP-Patator
3.0,FTP-Patator
420326.3913,FTP-Patator
2.0,FTP-Patator
4.0,FTP-Patator
3.0,FTP-Patator
427439.0,FTP-Patator
427844.4348,FTP-Patator
433515.7826,FTP-Patator
4.0,FTP-Patator
391483.3043,FTP-Patator
444078.7826,FTP-Patator
2.0,FTP-Patator
391253.2609,FTP-Patator
125.0,FTP-Patator
416819.4783,FTP-Patator
3.0,FTP-Patator
410597.3478,FTP-Patator
47.66666667,FTP-Patator
1.0,FTP-Patator
392133.2609,FTP-Patator
392346.8261,FTP-Patator
2.0,FTP-Patator
252.0,FTP-Patator
3.0,FTP-Patator
422157.9565,FTP-Patator
422375.8261,FTP-Patator
422885.8696,FTP-Patator
4.0,FTP-Patator
3.0,FTP-Patator
19.0,FTP-Patator
418595.6957,FTP-Patator
419884.5652,FTP-Patator
418320.1304,FTP-Patator
133.0,FTP-Patator
432422.8261,FTP-Patator
3.0,FTP-Patator
383474.6087,FTP-Patator
2.0,FTP-Patator
3.0,FTP-Patator
445381.3043,FTP-Patator
445110.8696,FTP-Patator
28.0,FTP-Patator
1.0,FTP-Patator
63.33333333,FTP-Patator
3.0,FTP-Patator
1.0,FTP-Patator
70.5,FTP-Patator
390545.4348,FTP-Patator
396645.1304,FTP-Patator
388013.6087,FTP-Patator
423948.7391,FTP-Patator
424806.3913,FTP-Patator
424298.0435,FTP-Patator
1.0,FTP-Patator
421345.7826,FTP-Patator
4.0,FTP-Patator
430098.5652,FTP-Patator
136.5,FTP-Patator
3.0,FTP-Patator
370866.0435,FTP-Patator
372851.6087,FTP-Patator
4.0,FTP-Patator
3.0,FTP-Patator
49.0,FTP-Patator
3.0,FTP-Patator
410535.6087,FTP-Patator
411460.3043,FTP-Patator
411592.913,FTP-Patator
4.0,FTP-Patator
427166.0,FTP-Patator
435038.2609,FTP-Patator
14.0,FTP-Patator
415843.913,FTP-Patator
153.5,FTP-Patator
105.0,FTP-Patator
3.0,FTP-Patator
412624.4348,FTP-Patator
412446.913,FTP-Patator
433427.8696,FTP-Patator
19.0,FTP-Patator
40.0,FTP-Patator
1.0,FTP-Patator
3.0,FTP-Patator
392021.6087,FTP-Patator
426173.4783,FTP-Patator
426389.5217,FTP-Patator
426970.0,FTP-Patator
427621.2609,FTP-Patator
16.0,FTP-Patator
3.0,FTP-Patator
391849.0435,FTP-Patator
422879.4348,FTP-Patator
133.0,FTP-Patator
4.0,FTP-Patator
4.0,FTP-Patator
4.0,FTP-Patator
382241.0,FTP-Patator
381598.4783,FTP-Patator
396502.4783,FTP-Patator
396657.3913,FTP-Patator
49.0,FTP-Patator
1.0,FTP-Patator
3.0,FTP-Patator
138.5,FTP-Patator
96.0,FTP-Patator
3.0,FTP-Patator
404653.2174,FTP-Patator
408899.0435,FTP-Patator
408136.0,FTP-Patator
408820.2609,FTP-Patator
4.0,FTP-Patator
143.0,FTP-Patator
394383.913,FTP-Patator
394491.6522,FTP-Patator
49.0,FTP-Patator
50.0,FTP-Patator
405284.2174,FTP-Patator
405750.3478,FTP-Patator
4.0,FTP-Patator
48.0,FTP-Patator
3.0,FTP-Patator
100.0,FTP-Patator
403424.5217,FTP-Patator
403938.5652,FTP-Patator
405658.5652,FTP-Patator
405683.913,FTP-Patator
60.0,FTP-Patator
318.0,FTP-Patator
411551.3478,FTP-Patator
411570.3043,FTP-Patator
115.0,FTP-Patator
49.0,FTP-Patator
409838.9565,FTP-Patator
393510.7391,FTP-Patator
4.0,FTP-Patator
389783.087,FTP-Patator
389369.7391,FTP-Patator
93.0,FTP-Patator
3.0,FTP-Patator
1.0,FTP-Patator
3.0,FTP-Patator
383747.5217,FTP-Patator
383541.5652,FTP-Patator
386878.7826,FTP-Patator
387044.2609,FTP-Patator
387439.0,FTP-Patator
387949.4783,FTP-Patator
4.0,FTP-Patator
4.0,FTP-Patator
124.5,FTP-Patator
414341.6522,FTP-Patator
3.0,FTP-Patator
251.0,FTP-Patator
3.0,FTP-Patator
402354.2174,FTP-Patator
402892.7391,FTP-Patator
403254.2609,FTP-Patator
48.0,FTP-Patator
38232.0,FTP-Patator
4.0,FTP-Patator
111.5,FTP-Patator
1.0,FTP-Patator
3.0,FTP-Patator
393820.3043,FTP-Patator
393539.1739,FTP-Patator
401842.3913,FTP-Patator
402351.3043,FTP-Patator
117.0,FTP-Patator
0.5,FTP-Patator
410579.6522,FTP-Patator
411332.0435,FTP-Patator
371608.9565,FTP-Patator
388666.9565,FTP-Patator
191.5,FTP-Patator
4.0,FTP-Patator
129.5,FTP-Patator
121.0,FTP-Patator
371780.6087,FTP-Patator
371524.913,FTP-Patator
96.5,FTP-Patator
108.5,FTP-Patator
1.0,FTP-Patator
84.0,FTP-Patator
47.0,FTP-Patator
101.0,FTP-Patator
379848.8696,FTP-Patator
380114.3478,FTP-Patator
404620.913,FTP-Patator
405324.9565,FTP-Patator
407678.7826,FTP-Patator
407099.8261,FTP-Patator
127.6666667,FTP-Patator
111.5,FTP-Patator
4.0,FTP-Patator
4.0,FTP-Patator
413391.5217,FTP-Patator
413788.7391,FTP-Patator
414758.5652,FTP-Patator
415227.1304,FTP-Patator
132.5,FTP-Patator
137.0,FTP-Patator
120.0,FTP-Patator
104.0,FTP-Patator
143.0,FTP-Patator
4.0,FTP-Patator
410394.0435,FTP-Patator
410609.2609,FTP-Patator
405271.2174,FTP-Patator
403823.2609,FTP-Patator
406712.6087,FTP-Patator
403311.6087,FTP-Patator
130.0,FTP-Patator
139.5,FTP-Patator
3.0,FTP-Patator
103.6666667,FTP-Patator
385302.0,FTP-Patator
387823.4348,FTP-Patator
389847.5652,FTP-Patator
390115.2174,FTP-Patator
124.5,FTP-Patator
397224.6957,FTP-Patator
125.5,FTP-Patator
124.0,FTP-Patator
3.0,FTP-Patator
46.0,FTP-Patator
48.0,FTP-Patator
393637.3913,FTP-Patator
393856.3478,FTP-Patator
402621.3043,FTP-Patator
403232.1739,FTP-Patator
408074.4783,FTP-Patator
117.5,FTP-Patator
3.0,FTP-Patator
108.0,FTP-Patator
113.5,FTP-Patator
382270.1304,FTP-Patator
389019.4348,FTP-Patator
385040.2174,FTP-Patator
384560.6957,FTP-Patator
129.5,FTP-Patator
103.0,FTP-Patator
109.0,FTP-Patator
114.5,FTP-Patator
4.0,FTP-Patator
116.5,FTP-Patator
354084.6522,FTP-Patator
356147.913,FTP-Patator
356647.2174,FTP-Patator
356307.6522,FTP-Patator
356467.3913,FTP-Patator
377130.2609,FTP-Patator
4.0,FTP-Patator
341791.8696,FTP-Patator
105.0,FTP-Patator
116.0,FTP-Patator
130.0,FTP-Patator
373135.3913,FTP-Patator
372915.2174,FTP-Patator
373026.0435,FTP-Patator
414376.4783,FTP-Patator
39.0,FTP-Patator
49.0,FTP-Patator
115.5,FTP-Patator
3.0,FTP-Patator
3.0,FTP-Patator
24.0,FTP-Patator
410354.8696,FTP-Patator
420079.0435,FTP-Patator
420347.5652,FTP-Patator
419303.4348,FTP-Patator
108.0,FTP-Patator
396524.3043,FTP-Patator
4.0,FTP-Patator
3.0,FTP-Patator
4.0,FTP-Patator
400113.6522,FTP-Patator
401529.0,FTP-Patator
401834.0,FTP-Patator
1.0,FTP-Patator
122.5,FTP-Patator
48.0,FTP-Patator
103.5,FTP-Patator
3.0,FTP-Patator
371146.3913,FTP-Patator
372055.7391,FTP-Patator
372769.5652,FTP-Patator
379739.4783,FTP-Patator
371089.7391,FTP-Patator
371804.5652,FTP-Patator
3.0,FTP-Patator
103.0,FTP-Patator
379116.913,FTP-Patator
113.5,FTP-Patator
388081.2609,FTP-Patator
398412.2174,FTP-Patator
402924.2174,FTP-Patator
4.0,FTP-Patator
110.5,FTP-Patator
4.0,FTP-Patator
157.0,FTP-Patator
3.0,FTP-Patator
125.5,FTP-Patator
2.0,FTP-Patator
364517.7391,FTP-Patator
379131.2174,FTP-Patator
378491.2174,FTP-Patator
378504.2174,FTP-Patator
378530.8696,FTP-Patator
377851.0,FTP-Patator
117.5,FTP-Patator
391561.3478,FTP-Patator
4.0,FTP-Patator
109.0,FTP-Patator
113.5,FTP-Patator
373997.087,FTP-Patator
374572.2609,FTP-Patator
378968.3913,FTP-Patator
3.0,FTP-Patator
1.0,FTP-Patator
4.0,FTP-Patator
1.0,FTP-Patator
20.0,FTP-Patator
397006.6522,FTP-Patator
398222.8261,FTP-Patator
398533.913,FTP-Patator
407698.7391,FTP-Patator
396180.6087,FTP-Patator
398604.087,FTP-Patator
122.5,FTP-Patator
48.0,FTP-Patator
375864.3478,FTP-Patator
117.5,FTP-Patator
398222.6522,FTP-Patator
398216.5217,FTP-Patator
381470.7826,FTP-Patator
85.0,FTP-Patator
4.0,FTP-Patator
122.0,FTP-Patator
389537.0435,FTP-Patator
3.0,FTP-Patator
18.0,FTP-Patator
4.0,FTP-Patator
1.0,FTP-Patator
107.5,FTP-Patator
420726.087,FTP-Patator
427786.8696,FTP-Patator
424674.3913,FTP-Patator
424096.913,FTP-Patator
430865.087,FTP-Patator
2.0,FTP-Patator
373655.6957,FTP-Patator
3.0,FTP-Patator
4.0,FTP-Patator
3.0,FTP-Patator
412107.9565,FTP-Patator
411814.1304,FTP-Patator
410376.087,FTP-Patator
121.5,FTP-Patator
387404.4783,FTP-Patator
136.5,FTP-Patator
2.0,FTP-Patator
176.0,FTP-Patator
4.0,FTP-Patator
53.66666667,FTP-Patator
369700.4783,FTP-Patator
369259.3913,FTP-Patator
370428.8261,FTP-Patator
368571.0,FTP-Patator
370664.3043,FTP-Patator
386851.913,FTP-Patator
129.5,FTP-Patator
353756.8696,FTP-Patator
117.5,FTP-Patator
122.0,FTP-Patator
388618.2609,FTP-Patator
388625.5652,FTP-Patator
125.5,FTP-Patator
372071.1739,FTP-Patator
366133.6957,FTP-Patator
372411.4348,FTP-Patator
399911.2609,FTP-Patator
115.5,FTP-Patator
3.0,FTP-Patator
117.5,FTP-Patator
3.0,FTP-Patator
3.0,FTP-Patator
1.0,FTP-Patator
376485.1739,FTP-Patator
402813.3913,FTP-Patator
402829.4348,FTP-Patator
3.0,FTP-Patator
390880.6957,FTP-Patator
3.0,FTP-Patator
105.0,FTP-Patator
378067.3478,FTP-Patator
378763.7826,FTP-Patator
49.0,FTP-Patator
3.0,FTP-Patator
125.0,FTP-Patator
49.0,FTP-Patator
359043.9565,FTP-Patator
364279.0,FTP-Patator
364638.0435,FTP-Patator
364970.9565,FTP-Patator
363677.913,FTP-Patator
3.0,FTP-Patator
17.0,FTP-Patator
115.5,FTP-Patator
357328.5652,FTP-Patator
358094.0435,FTP-Patator
365368.1304,FTP-Patator
3.0,FTP-Patator
3.0,FTP-Patator
355776.2174,FTP-Patator
356143.3478,FTP-Patator
143.5,FTP-Patator
122.5,FTP-Patator
109.5,FTP-Patator
3.0,FTP-Patator
384879.7391,FTP-Patator
385327.087,FTP-Patator
385567.6522,FTP-Patator
387465.0435,FTP-Patator
3.0,FTP-Patator
85.0,FTP-Patator
46.0,FTP-Patator
399464.3478,FTP-Patator
400290.6522,FTP-Patator
399621.3478,FTP-Patator
46.0,FTP-Patator
381092.4348,FTP-Patator
3.0,FTP-Patator
111.5,FTP-Patator
363728.4783,FTP-Patator
363649.3478,FTP-Patator
1.0,FTP-Patator
125.0,FTP-Patator
51.66666667,FTP-Patator
337343.5217,FTP-Patator
340833.2609,FTP-Patator
340156.913,FTP-Patator
409317.913,FTP-Patator
4.0,FTP-Patator
1.0,FTP-Patator
111.0,FTP-Patator
418430.7391,FTP-Patator
419090.1739,FTP-Patator
419029.1304,FTP-Patator
128.5,FTP-Patator
3.0,FTP-Patator
120.5,FTP-Patator
359456.8696,FTP-Patator
359347.4783,FTP-Patator
367852.1739,FTP-Patator
33.0,FTP-Patator
84.0,FTP-Patator
109.0,FTP-Patator
364137.6957,FTP-Patator
364697.6087,FTP-Patator
361854.4783,FTP-Patator
119.0,FTP-Patator
114.0,FTP-Patator
4.0,FTP-Patator
113.0,FTP-Patator
410904.7391,FTP-Patator
411446.0435,FTP-Patator
411190.3913,FTP-Patator
407916.7391,FTP-Patator
4.0,FTP-Patator
2.0,FTP-Patator
378130.1304,FTP-Patator
378328.6957,FTP-Patator
380580.2174,FTP-Patator
45.0,FTP-Patator
112.0,FTP-Patator
8.0,FTP-Patator
386915.1304,FTP-Patator
386333.1304,FTP-Patator
395034.2609,FTP-Patator
116.0,FTP-Patator
347665.6087,FTP-Patator
105.6666667,FTP-Patator
118.5,FTP-Patator
3.0,FTP-Patator
365846.6957,FTP-Patator
365945.0435,FTP-Patator
366404.3913,FTP-Patator
49.0,FTP-Patator
111.5,FTP-Patator
128.5,FTP-Patator
392825.7826,FTP-Patator
392813.8261,FTP-Patator
2.0,FTP-Patator
136.5,FTP-Patator
1.0,FTP-Patator
370661.3478,FTP-Patator
370982.8696,FTP-Patator
370905.913,FTP-Patator
156.0,FTP-Patator
48.0,FTP-Patator
3.0,FTP-Patator
104.0,FTP-Patator
356514.2174,FTP-Patator
356637.087,FTP-Patator
356711.7391,FTP-Patator
383713.3043,FTP-Patator
3.0,FTP-Patator
3.0,FTP-Patator
113.0,FTP-Patator
388862.913,FTP-Patator
389276.3478,FTP-Patator
395356.5652,FTP-Patator
20.0,FTP-Patator
102.0,FTP-Patator
0.5,FTP-Patator
133.5,FTP-Patator
2.0,FTP-Patator
125.0,FTP-Patator
89.0,FTP-Patator
394137.6522,FTP-Patator
394647.0435,FTP-Patator
393827.3478,FTP-Patator
402671.3913,FTP-Patator
414637.0435,FTP-Patator
414563.913,FTP-Patator
414733.9565,FTP-Patator
366904.8261,FTP-Patator
109.0,FTP-Patator
4.0,FTP-Patator
3.0,FTP-Patator
366835.3478,FTP-Patator
367773.6522,FTP-Patator
118.5,FTP-Patator
56.33333333,FTP-Patator
134.0,FTP-Patator
3.0,FTP-Patator
3.0,FTP-Patator
113.0,FTP-Patator
3.0,FTP-Patator
377824.3478,FTP-Patator
378328.9565,FTP-Patator
378706.0435,FTP-Patator
378837.1739,FTP-Patator
403752.1739,FTP-Patator
404781.0435,FTP-Patator
404655.1739,FTP-Patator
119.5,FTP-Patator
110.5,FTP-Patator
119.5,FTP-Patator
399757.3043,FTP-Patator
399988.087,FTP-Patator
399485.087,FTP-Patator
108.0,FTP-Patator
127.0,FTP-Patator
112.5,FTP-Patator
1.0,FTP-Patator
99.0,FTP-Patator
41.0,FTP-Patator
182.5,FTP-Patator
140.5,FTP-Patator
122.5,FTP-Patator
369149.6522,FTP-Patator
369505.1304,FTP-Patator
369827.6522,FTP-Patator
443845.1739,FTP-Patator
443830.913,FTP-Patator
444116.9565,FTP-Patator
446241.8696,FTP-Patator
446734.2174,FTP-Patator
445781.7826,FTP-Patator
124.5,FTP-Patator
400684.1304,FTP-Patator
400844.3913,FTP-Patator
400996.7826,FTP-Patator
401872.9565,FTP-Patator
402143.3478,FTP-Patator
403323.4783,FTP-Patator
404099.8261,FTP-Patator
404094.6957,FTP-Patator
404133.9565,FTP-Patator
404150.3478,FTP-Patator
236433.5577,SSH-Patator
235634.2308,SSH-Patator
73.0,SSH-Patator
38.0,SSH-Patator
231844.9231,SSH-Patator
236162.7115,SSH-Patator
93.0,SSH-Patator
81.0,SSH-Patator
236129.3462,SSH-Patator
75.0,SSH-Patator
230401.25,SSH-Patator
78.0,SSH-Patator
237839.1698,SSH-Patator
241552.9423,SSH-Patator
73.0,SSH-Patator
67.0,SSH-Patator
243504.6731,SSH-Patator
217336.3462,SSH-Patator
73.0,SSH-Patator
78.0,SSH-Patator
234287.9388,SSH-Patator
78.0,SSH-Patator
210253.1667,SSH-Patator
239538.5,SSH-Patator
111.0,SSH-Patator
67.0,SSH-Patator
242421.0,SSH-Patator
78.0,SSH-Patator
238681.4082,SSH-Patator
71.0,SSH-Patator
225318.1346,SSH-Patator
50.0,SSH-Patator
227262.5962,SSH-Patator
227373.5,SSH-Patator
74.0,SSH-Patator
41.0,SSH-Patator
218626.3704,SSH-Patator
231827.6154,SSH-Patator
66.0,SSH-Patator
66.0,SSH-Patator
245333.0,SSH-Patator
206269.7692,SSH-Patator
221347.7692,SSH-Patator
112.0,SSH-Patator
75.0,SSH-Patator
39.0,SSH-Patator
259840.2885,SSH-Patator
73.0,SSH-Patator
229689.9808,SSH-Patator
75.0,SSH-Patator
233742.5192,SSH-Patator
80.0,SSH-Patator
224875.5577,SSH-Patator
247362.6154,SSH-Patator
245582.0769,SSH-Patator
58.0,SSH-Patator
74.0,SSH-Patator
78.0,SSH-Patator
245217.8654,SSH-Patator
113.0,SSH-Patator
242250.2885,SSH-Patator
248180.3654,SSH-Patator
80.0,SSH-Patator
82.0,SSH-Patator
236048.25,SSH-Patator
253553.6154,SSH-Patator
79.0,SSH-Patator
50.0,SSH-Patator
237732.2692,SSH-Patator
45.0,SSH-Patator
236546.5,SSH-Patator
75.0,SSH-Patator
227376.6923,SSH-Patator
230988.8889,SSH-Patator
239874.9615,SSH-Patator
73.0,SSH-Patator
130.0,SSH-Patator
80.0,SSH-Patator
256620.2449,SSH-Patator
63.0,SSH-Patator
234938.0192,SSH-Patator
255306.4038,SSH-Patator
270363.7551,SSH-Patator
67.0,SSH-Patator
74.0,SSH-Patator
243844.9038,SSH-Patator
84.0,SSH-Patator
109.0,SSH-Patator
228970.1346,SSH-Patator
82.0,SSH-Patator
235765.6154,SSH-Patator
79.0,SSH-Patator
236992.9423,SSH-Patator
228034.1481,SSH-Patator
249822.0816,SSH-Patator
104.0,SSH-Patator
63.0,SSH-Patator
97.0,SSH-Patator
236951.5192,SSH-Patator
53.0,SSH-Patator
222835.25,SSH-Patator
78.0,SSH-Patator
243650.9423,SSH-Patator
245554.6346,SSH-Patator
242660.7692,SSH-Patator
129.0,SSH-Patator
80.0,SSH-Patator
82.0,SSH-Patator
255249.4423,SSH-Patator
69.0,SSH-Patator
238735.3654,SSH-Patator
263967.8846,SSH-Patator
53.0,SSH-Patator
75.0,SSH-Patator
272464.0385,SSH-Patator
272588.7308,SSH-Patator
40.0,SSH-Patator
78.0,SSH-Patator
278630.6923,SSH-Patator
68.0,SSH-Patator
255585.9808,SSH-Patator
116.0,SSH-Patator
259965.283,SSH-Patator
266054.75,SSH-Patator
268222.3077,SSH-Patator
71.0,SSH-Patator
101.0,SSH-Patator
67.0,SSH-Patator
269502.5192,SSH-Patator
57.0,SSH-Patator
264834.5385,SSH-Patator
271625.5577,SSH-Patator
76.0,SSH-Patator
78.0,SSH-Patator
261135.1111,SSH-Patator
269074.2115,SSH-Patator
87.0,SSH-Patator
107.0,SSH-Patator
259032.3889,SSH-Patator
44.0,SSH-Patator
260326.2115,SSH-Patator
51.0,SSH-Patator
270438.8654,SSH-Patator
257520.8889,SSH-Patator
75.0,SSH-Patator
273443.1346,SSH-Patator
98.0,SSH-Patator
80.0,SSH-Patator
264767.3462,SSH-Patator
82.0,SSH-Patator
241613.9423,SSH-Patator
72.0,SSH-Patator
254608.9608,SSH-Patator
254261.0962,SSH-Patator
275147.0385,SSH-Patator
75.0,SSH-Patator
77.0,SSH-Patator
77.0,SSH-Patator
265339.3077,SSH-Patator
113.0,SSH-Patator
247242.5962,SSH-Patator
82.0,SSH-Patator
251780.3846,SSH-Patator
43.0,SSH-Patator
245921.0962,SSH-Patator
255702.0185,SSH-Patator
267403.0192,SSH-Patator
68.0,SSH-Patator
106.0,SSH-Patator
68.0,SSH-Patator
260083.2885,SSH-Patator
68.0,SSH-Patator
251371.3077,SSH-Patator
77.0,SSH-Patator
269795.1731,SSH-Patator
268520.0577,SSH-Patator
113.0,SSH-Patator
58.0,SSH-Patator
247328.7692,SSH-Patator
74.0,SSH-Patator
262906.6154,SSH-Patator
73.0,SSH-Patator
241723.0,SSH-Patator
241035.1731,SSH-Patator
254972.5192,SSH-Patator
80.0,SSH-Patator
72.0,SSH-Patator
72.0,SSH-Patator
252463.0769,SSH-Patator
78.0,SSH-Patator
239971.3269,SSH-Patator
257645.5577,SSH-Patator
84.0,SSH-Patator
76.0,SSH-Patator
248939.549,SSH-Patator
244305.5769,SSH-Patator
65.0,SSH-Patator
62.0,SSH-Patator
255312.5577,SSH-Patator
46.0,SSH-Patator
257622.6346,SSH-Patator
52.0,SSH-Patator
247405.5385,SSH-Patator
247053.0926,SSH-Patator
247445.0577,SSH-Patator
68.0,SSH-Patator
64.0,SSH-Patator
74.0,SSH-Patator
259417.7692,SSH-Patator
82.0,SSH-Patator
247417.7778,SSH-Patator
243473.3571,SSH-Patator
82.0,SSH-Patator
75.0,SSH-Patator
275626.4118,SSH-Patator
275654.8824,SSH-Patator
72.0,SSH-Patator
48.0,SSH-Patator
256347.1923,SSH-Patator
72.0,SSH-Patator
235761.8077,SSH-Patator
266969.25,SSH-Patator
74.0,SSH-Patator
72.0,SSH-Patator
268956.1633,SSH-Patator
259628.8431,SSH-Patator
57.0,SSH-Patator
36.0,SSH-Patator
236335.0943,SSH-Patator
51.0,SSH-Patator
241278.5769,SSH-Patator
74.0,SSH-Patator
256859.8077,SSH-Patator
73.0,SSH-Patator
255588.8269,SSH-Patator
249734.0962,SSH-Patator
77.0,SSH-Patator
77.0,SSH-Patator
253088.0385,SSH-Patator
80.0,SSH-Patator
238661.9231,SSH-Patator
75.0,SSH-Patator
250147.3462,SSH-Patator
245364.7358,SSH-Patator
268031.7115,SSH-Patator
83.0,SSH-Patator
74.0,SSH-Patator
59.0,SSH-Patator
257556.4151,SSH-Patator
74.0,SSH-Patator
257600.9038,SSH-Patator
247255.8846,SSH-Patator
49.0,SSH-Patator
43.0,SSH-Patator
244615.4615,SSH-Patator
249582.1346,SSH-Patator
82.0,SSH-Patator
71.0,SSH-Patator
261677.2449,SSH-Patator
78.0,SSH-Patator
242475.0192,SSH-Patator
80.0,SSH-Patator
237951.3462,SSH-Patator
239085.4808,SSH-Patator
238709.9038,SSH-Patator
80.0,SSH-Patator
51.0,SSH-Patator
258627.3878,SSH-Patator
79.0,SSH-Patator
240188.9231,SSH-Patator
76.0,SSH-Patator
253764.5,SSH-Patator
84.0,SSH-Patator
255473.1154,SSH-Patator
251984.8077,SSH-Patator
59.0,SSH-Patator
55.0,SSH-Patator
246764.1731,SSH-Patator
226641.4615,SSH-Patator
83.0,SSH-Patator
78.0,SSH-Patator
230386.5192,SSH-Patator
231363.0769,SSH-Patator
229806.3269,SSH-Patator
28.0,SSH-Patator
83.0,SSH-Patator
41.0,SSH-Patator
230171.8846,SSH-Patator
107.0,SSH-Patator
231732.7885,SSH-Patator
70.0,SSH-Patator
236157.1538,SSH-Patator
86.0,SSH-Patator
221592.1923,SSH-Patator
235536.7143,SSH-Patator
72.0,SSH-Patator
137.0,SSH-Patator
225517.3462,SSH-Patator
220536.1481,SSH-Patator
76.0,SSH-Patator
86.0,SSH-Patator
232526.7115,SSH-Patator
232645.5962,SSH-Patator
216987.75,SSH-Patator
79.0,SSH-Patator
77.0,SSH-Patator
75.0,SSH-Patator
224535.5,SSH-Patator
73.0,SSH-Patator
227033.9231,SSH-Patator
82.0,SSH-Patator
224170.0769,SSH-Patator
65.0,SSH-Patator
225732.2692,SSH-Patator
225187.9423,SSH-Patator
79.0,SSH-Patator
75.0,SSH-Patator
218507.2407,SSH-Patator
227098.3462,SSH-Patator
56.0,SSH-Patator
44.0,SSH-Patator
223478.0769,SSH-Patator
227545.9808,SSH-Patator
228242.8846,SSH-Patator
84.0,SSH-Patator
70.0,SSH-Patator
81.0,SSH-Patator
226873.0385,SSH-Patator
72.0,SSH-Patator
209327.8036,SSH-Patator
82.0,SSH-Patator
235587.6731,SSH-Patator
84.0,SSH-Patator
227532.4815,SSH-Patator
234336.1346,SSH-Patator
64.0,SSH-Patator
76.0,SSH-Patator
231612.6154,SSH-Patator
84.0,SSH-Patator
239718.4038,SSH-Patator
68.0,SSH-Patator
220613.9808,SSH-Patator
72.0,SSH-Patator
221560.4074,SSH-Patator
234069.0577,SSH-Patator
65.0,SSH-Patator
100.0,SSH-Patator
241473.6735,SSH-Patator
82.0,SSH-Patator
220717.963,SSH-Patator
47.0,SSH-Patator
221528.5192,SSH-Patator
50.0,SSH-Patator
224829.2308,SSH-Patator
79.0,SSH-Patator
238197.4038,SSH-Patator
79.0,SSH-Patator
213391.1111,SSH-Patator
58.0,SSH-Patator
238759.9231,SSH-Patator
85.0,SSH-Patator
222395.3396,SSH-Patator
226769.5192,SSH-Patator
239177.4808,SSH-Patator
97.0,SSH-Patator
43.0,SSH-Patator
22.0,SSH-Patator
229396.2692,SSH-Patator
46.0,SSH-Patator
223519.1154,SSH-Patator
73.0,SSH-Patator
234239.5577,SSH-Patator
81.0,SSH-Patator
227786.7843,SSH-Patator
237740.3846,SSH-Patator
66.0,SSH-Patator
89.0,SSH-Patator
234753.7143,SSH-Patator
234629.9423,SSH-Patator
69.0,SSH-Patator
91.0,SSH-Patator
220963.0962,SSH-Patator
232232.6122,SSH-Patator
221735.5769,SSH-Patator
76.0,SSH-Patator
77.0,SSH-Patator
84.0,SSH-Patator
219662.1538,SSH-Patator
69.0,SSH-Patator
222783.9231,SSH-Patator
82.0,SSH-Patator
228293.7115,SSH-Patator
74.0,SSH-Patator
222163.9038,SSH-Patator
241074.1346,SSH-Patator
75.0,SSH-Patator
78.0,SSH-Patator
212561.6923,SSH-Patator
212978.7885,SSH-Patator
45.0,SSH-Patator
47.0,SSH-Patator
220423.3333,SSH-Patator
78.0,SSH-Patator
233704.6346,SSH-Patator
249042.3878,SSH-Patator
73.0,SSH-Patator
81.0,SSH-Patator
234518.9038,SSH-Patator
77.0,SSH-Patator
237659.4898,SSH-Patator
84.0,SSH-Patator
253855.5714,SSH-Patator
73.0,SSH-Patator
217100.1731,SSH-Patator
74.0,SSH-Patator
221828.0769,SSH-Patator
213846.1731,SSH-Patator
209997.9423,SSH-Patator
70.0,SSH-Patator
74.0,SSH-Patator
72.0,SSH-Patator
216902.6923,SSH-Patator
76.0,SSH-Patator
233024.1633,SSH-Patator
217887.3077,SSH-Patator
50.0,SSH-Patator
72.0,SSH-Patator
236236.1224,SSH-Patator
44.0,SSH-Patator
225474.7115,SSH-Patator
75.0,SSH-Patator
209990.0577,SSH-Patator
53.0,SSH-Patator
219194.3654,SSH-Patator
77.0,SSH-Patator
216413.5472,SSH-Patator
219497.2264,SSH-Patator
215984.0741,SSH-Patator
74.0,SSH-Patator
76.0,SSH-Patator
65.0,SSH-Patator
212221.0385,SSH-Patator
212618.7308,SSH-Patator
215255.6296,SSH-Patator
74.0,SSH-Patator
74.0,SSH-Patator
80.0,SSH-Patator
208622.0962,SSH-Patator
67.0,SSH-Patator
205099.2692,SSH-Patator
80.0,SSH-Patator
207982.4231,SSH-Patator
81.0,SSH-Patator
218815.8269,SSH-Patator
82.0,SSH-Patator
221850.9811,SSH-Patator
218461.3333,SSH-Patator
218548.3889,SSH-Patator
50.0,SSH-Patator
39.0,SSH-Patator
75.0,SSH-Patator
225548.5962,SSH-Patator
218750.8519,SSH-Patator
222425.6981,SSH-Patator
68.0,SSH-Patator
97.0,SSH-Patator
93.0,SSH-Patator
214185.0545,SSH-Patator
93.0,SSH-Patator
205556.6545,SSH-Patator
100.0,SSH-Patator
220051.6415,SSH-Patator
91.0,SSH-Patator
222144.0377,SSH-Patator
80.0,SSH-Patator
218737.7407,SSH-Patator
226998.7115,SSH-Patator
211056.8929,SSH-Patator
45.0,SSH-Patator
48.0,SSH-Patator
95.0,SSH-Patator
224521.2353,SSH-Patator
225618.1346,SSH-Patator
215337.1296,SSH-Patator
77.0,SSH-Patator
79.0,SSH-Patator
83.0,SSH-Patator
220639.1667,SSH-Patator
74.0,SSH-Patator
220402.7308,SSH-Patator
71.0,SSH-Patator
229308.9615,SSH-Patator
84.0,SSH-Patator
236609.9592,SSH-Patator
94.0,SSH-Patator
216113.1887,SSH-Patator
216886.0943,SSH-Patator
220303.6923,SSH-Patator
48.0,SSH-Patator
84.0,SSH-Patator
31.0,SSH-Patator
209887.3462,SSH-Patator
209900.5192,SSH-Patator
206168.9623,SSH-Patator
81.0,SSH-Patator
84.0,SSH-Patator
64.0,SSH-Patator
206139.1346,SSH-Patator
79.0,SSH-Patator
240654.551,SSH-Patator
77.0,SSH-Patator
222515.4898,SSH-Patator
86.0,SSH-Patator
219883.8846,SSH-Patator
74.0,SSH-Patator
227372.5962,SSH-Patator
233090.6538,SSH-Patator
219033.0926,SSH-Patator
73.0,SSH-Patator
67.0,SSH-Patator
74.0,SSH-Patator
222278.5577,SSH-Patator
221819.3077,SSH-Patator
222991.8077,SSH-Patator
124.0,SSH-Patator
88.0,SSH-Patator
93.0,SSH-Patator
223499.9615,SSH-Patator
53.0,SSH-Patator
220368.8462,SSH-Patator
65.0,SSH-Patator
239552.5769,SSH-Patator
92.0,SSH-Patator
227347.4615,SSH-Patator
98.0,SSH-Patator
205907.3396,SSH-Patator
100.0,SSH-Patator
246570.4082,SSH-Patator
216139.5283,SSH-Patator
216959.434,SSH-Patator
216975.4528,SSH-Patator
233423.6923,SSH-Patator
77.0,SSH-Patator
86.0,SSH-Patator
93.0,SSH-Patator
82.0,SSH-Patator
77.0,SSH-Patator
228270.0962,SSH-Patator
39.0,SSH-Patator
230033.7115,SSH-Patator
76.0,SSH-Patator
223168.4528,SSH-Patator
107.0,SSH-Patator
220973.1633,SSH-Patator
101.0,SSH-Patator
233275.537,SSH-Patator
77.0,SSH-Patator
214483.7308,SSH-Patator
211513.8269,SSH-Patator
83.0,SSH-Patator
66.0,SSH-Patator
231777.0962,SSH-Patator
231865.6346,SSH-Patator
231324.7115,SSH-Patator
42.0,SSH-Patator
45.0,SSH-Patator
50.0,SSH-Patator
245830.7347,SSH-Patator
72.0,SSH-Patator
233849.5849,SSH-Patator
91.0,SSH-Patator
220108.5769,SSH-Patator
108.0,SSH-Patator
225579.4898,SSH-Patator
221999.1731,SSH-Patator
101.0,SSH-Patator
100.0,SSH-Patator
221807.7692,SSH-Patator
220690.283,SSH-Patator
84.0,SSH-Patator
87.0,SSH-Patator
229984.1731,SSH-Patator
215061.8393,SSH-Patator
222958.3519,SSH-Patator
90.0,SSH-Patator
85.0,SSH-Patator
86.0,SSH-Patator
226480.6226,SSH-Patator
56.0,SSH-Patator
230352.1346,SSH-Patator
96.0,SSH-Patator
249018.4808,SSH-Patator
79.0,SSH-Patator
220707.4231,SSH-Patator
78.0,SSH-Patator
225460.4808,SSH-Patator
241270.0769,SSH-Patator
52.0,SSH-Patator
225038.3846,SSH-Patator
71.0,SSH-Patator
47.0,SSH-Patator
222037.3269,SSH-Patator
82.0,SSH-Patator
242730.2692,SSH-Patator
242682.7115,SSH-Patator
80.0,SSH-Patator
81.0,SSH-Patator
228809.25,SSH-Patator
101.0,SSH-Patator
234557.6154,SSH-Patator
94.0,SSH-Patator
235493.8654,SSH-Patator
234423.6346,SSH-Patator
83.0,SSH-Patator
107.0,SSH-Patator
236374.4615,SSH-Patator
228813.9231,SSH-Patator
229037.1731,SSH-Patator
59.0,SSH-Patator
75.0,SSH-Patator
80.0,SSH-Patator
226767.3077,SSH-Patator
39.0,SSH-Patator
244038.4286,SSH-Patator
247429.9615,SSH-Patator
246866.1731,SSH-Patator
64.0,SSH-Patator
50.0,SSH-Patator
53.0,SSH-Patator
230519.4615,SSH-Patator
56.0,SSH-Patator
230856.3654,SSH-Patator
230586.6538,SSH-Patator
75.0,SSH-Patator
48.0,SSH-Patator
239500.7885,SSH-Patator
230699.7115,SSH-Patator
232576.3654,SSH-Patator
73.0,SSH-Patator
108.0,SSH-Patator
82.0,SSH-Patator
246412.6154,SSH-Patator
77.0,SSH-Patator
237814.5962,SSH-Patator
250063.1346,SSH-Patator
251120.5962,SSH-Patator
80.0,SSH-Patator
103.0,SSH-Patator
89.0,SSH-Patator
233689.3654,SSH-Patator
93.0,SSH-Patator
250300.8269,SSH-Patator
233812.375,SSH-Patator
78.0,SSH-Patator
46.0,SSH-Patator
212050.2963,SSH-Patator
50.0,SSH-Patator
257780.0816,SSH-Patator
260323.3462,SSH-Patator
83.0,SSH-Patator
90.0,SSH-Patator
235866.8214,SSH-Patator
59.0,SSH-Patator
255518.8846,SSH-Patator
271001.2653,SSH-Patator
247260.3519,SSH-Patator
112.0,SSH-Patator
71.0,SSH-Patator
56.0,SSH-Patator
239055.6667,SSH-Patator
96.0,SSH-Patator
233029.4821,SSH-Patator
241426.0769,SSH-Patator
245282.7115,SSH-Patator
77.0,SSH-Patator
94.0,SSH-Patator
106.0,SSH-Patator
231612.1852,SSH-Patator
239936.5769,SSH-Patator
59.0,SSH-Patator
85.0,SSH-Patator
228992.1071,SSH-Patator
83.0,SSH-Patator
246057.3878,SSH-Patator
228456.6981,SSH-Patator
236946.3077,SSH-Patator
77.0,SSH-Patator
68.0,SSH-Patator
79.0,SSH-Patator
246118.8269,SSH-Patator
46.0,SSH-Patator
236335.0385,SSH-Patator
246878.4231,SSH-Patator
262282.9796,SSH-Patator
75.0,SSH-Patator
72.0,SSH-Patator
34.0,SSH-Patator
248458.0556,SSH-Patator
255635.5192,SSH-Patator
75.0,SSH-Patator
71.0,SSH-Patator
261254.9184,SSH-Patator
68.0,SSH-Patator
241654.5769,SSH-Patator
234367.25,SSH-Patator
240873.9808,SSH-Patator
92.0,SSH-Patator
74.0,SSH-Patator
73.0,SSH-Patator
255134.5769,SSH-Patator
75.0,SSH-Patator
235543.2885,SSH-Patator
76.0,SSH-Patator
247590.5192,SSH-Patator
247943.9231,SSH-Patator
76.0,SSH-Patator
76.0,SSH-Patator
236180.4231,SSH-Patator
81.0,SSH-Patator
267785.4038,SSH-Patator
59.0,SSH-Patator
251139.2041,SSH-Patator
80.0,SSH-Patator
239997.3462,SSH-Patator
239137.5472,SSH-Patator
247353.9615,SSH-Patator
37.0,SSH-Patator
78.0,SSH-Patator
80.0,SSH-Patator
235223.5769,SSH-Patator
91.0,SSH-Patator
262349.6939,SSH-Patator
74.0,SSH-Patator
245388.1731,SSH-Patator
245291.8654,SSH-Patator
67.0,SSH-Patator
113.0,SSH-Patator
265844.1224,SSH-Patator
70.0,SSH-Patator
258519.4286,SSH-Patator
261510.9615,SSH-Patator
80.0,SSH-Patator
100.0,SSH-Patator
242987.2692,SSH-Patator
247943.4706,SSH-Patator
254685.3077,SSH-Patator
48.0,SSH-Patator
49.0,SSH-Patator
65.0,SSH-Patator
251249.7115,SSH-Patator
74.0,SSH-Patator
266573.6346,SSH-Patator
73.0,SSH-Patator
260944.0566,SSH-Patator
271852.0,SSH-Patator
89.0,SSH-Patator
66.0,SSH-Patator
254632.6731,SSH-Patator
63.0,SSH-Patator
261039.9808,SSH-Patator
287817.6735,SSH-Patator
84.0,SSH-Patator
79.0,SSH-Patator
260043.0,SSH-Patator
259698.6111,SSH-Patator
269582.3462,SSH-Patator
71.0,SSH-Patator
76.0,SSH-Patator
70.0,SSH-Patator
271275.2308,SSH-Patator
78.0,SSH-Patator
262174.1538,SSH-Patator
79.0,SSH-Patator
267983.3396,SSH-Patator
272239.8462,SSH-Patator
75.0,SSH-Patator
77.0,SSH-Patator
270253.1538,SSH-Patator
48.0,SSH-Patator
253662.8077,SSH-Patator
282267.8654,SSH-Patator
47.0,SSH-Patator
76.0,SSH-Patator
262410.7736,SSH-Patator
257591.3519,SSH-Patator
263201.9623,SSH-Patator
86.0,SSH-Patator
67.0,SSH-Patator
84.0,SSH-Patator
252641.6923,SSH-Patator
79.0,SSH-Patator
274640.6735,SSH-Patator
74.0,SSH-Patator
263239.1346,SSH-Patator
277959.8163,SSH-Patator
77.0,SSH-Patator
70.0,SSH-Patator
257051.5,SSH-Patator
74.0,SSH-Patator
252506.3269,SSH-Patator
81.0,SSH-Patator
249597.0769,SSH-Patator
269684.7308,SSH-Patator
43.0,SSH-Patator
47.0,SSH-Patator
248414.2075,SSH-Patator
248935.9434,SSH-Patator
75.0,SSH-Patator
75.0,SSH-Patator
240730.3519,SSH-Patator
73.0,SSH-Patator
256382.3469,SSH-Patator
68.0,SSH-Patator
221763.9444,SSH-Patator
75.0,SSH-Patator
257846.0192,SSH-Patator
253556.7547,SSH-Patator
79.0,SSH-Patator
64.0,SSH-Patator
228361.0741,SSH-Patator
77.0,SSH-Patator
232816.1961,SSH-Patator
264622.1429,SSH-Patator
224148.8679,SSH-Patator
237081.1923,SSH-Patator
81.0,SSH-Patator
80.0,SSH-Patator
73.0,SSH-Patator
76.0,SSH-Patator
232387.4423,SSH-Patator
76.0,SSH-Patator
230568.4259,SSH-Patator
80.0,SSH-Patator
254454.3878,SSH-Patator
235832.3019,SSH-Patator
249420.1698,SSH-Patator
43.0,SSH-Patator
90.0,SSH-Patator
71.0,SSH-Patator
245539.0962,SSH-Patator
28.0,SSH-Patator
253698.4038,SSH-Patator
255090.9231,SSH-Patator
253416.9231,SSH-Patator
245396.0741,SSH-Patator
69.0,SSH-Patator
77.0,SSH-Patator
127.0,SSH-Patator
74.0,SSH-Patator
258997.5577,SSH-Patator
87.0,SSH-Patator
251736.5385,SSH-Patator
79.0,SSH-Patator
244036.6226,SSH-Patator
249856.6346,SSH-Patator
248841.3462,SSH-Patator
48.0,SSH-Patator
69.0,SSH-Patator
80.0,SSH-Patator
253450.7115,SSH-Patator
84.0,SSH-Patator
253132.2308,SSH-Patator
250678.1132,SSH-Patator
250720.5472,SSH-Patator
256874.9808,SSH-Patator
71.0,SSH-Patator
40.0,SSH-Patator
94.0,SSH-Patator
61.0,SSH-Patator
260269.0192,SSH-Patator
67.0,SSH-Patator
258298.9423,SSH-Patator
85.0,SSH-Patator
249467.4038,SSH-Patator
249508.8462,SSH-Patator
248938.4038,SSH-Patator
73.0,SSH-Patator
62.0,SSH-Patator
51.0,SSH-Patator
246362.7885,SSH-Patator
80.0,SSH-Patator
247146.9615,SSH-Patator
257276.4038,SSH-Patator
267283.4,SSH-Patator
262457.2353,SSH-Patator
96.0,SSH-Patator
77.0,SSH-Patator
52.0,SSH-Patator
36.0,SSH-Patator
237937.3846,SSH-Patator
73.0,SSH-Patator
234492.5577,SSH-Patator
81.0,SSH-Patator
234145.8846,SSH-Patator
249278.1837,SSH-Patator
234447.9615,SSH-Patator
83.0,SSH-Patator
84.0,SSH-Patator
67.0,SSH-Patator
228167.4038,SSH-Patator
72.0,SSH-Patator
223755.0,SSH-Patator
216046.4808,SSH-Patator
211473.2453,SSH-Patator
78.0,SSH-Patator
100.0,SSH-Patator
23.0,SSH-Patator
226394.7692,SSH-Patator
38.0,SSH-Patator
222945.2308,SSH-Patator
59.0,SSH-Patator
231498.8269,SSH-Patator
55.0,SSH-Patator
235158.0769,SSH-Patator
223731.0741,SSH-Patator
231991.5385,SSH-Patator
103.0,SSH-Patator
76.0,SSH-Patator
36.0,SSH-Patator
241217.6471,SSH-Patator
70.0,SSH-Patator
215812.7885,SSH-Patator
63.0,SSH-Patator
243831.8077,SSH-Patator
255409.4694,SSH-Patator
232476.0962,SSH-Patator
81.0,SSH-Patator
83.0,SSH-Patator
67.0,SSH-Patator
222164.8077,SSH-Patator
66.0,SSH-Patator
222217.7115,SSH-Patator
45.0,SSH-Patator
238827.0,SSH-Patator
226713.9615,SSH-Patator
224989.9423,SSH-Patator
105.0,SSH-Patator
78.0,SSH-Patator
76.0,SSH-Patator
217792.4259,SSH-Patator
77.0,SSH-Patator
226604.7115,SSH-Patator
79.0,SSH-Patator
244544.9388,SSH-Patator
244720.1837,SSH-Patator
239382.7308,SSH-Patator
38.0,SSH-Patator
70.0,SSH-Patator
220918.3269,SSH-Patator
78.0,SSH-Patator
193501.8654,SSH-Patator
235993.8077,SSH-Patator
43.0,SSH-Patator
116.0,SSH-Patator
229857.3654,SSH-Patator
232046.0962,SSH-Patator
97.0,SSH-Patator
206066.0741,SSH-Patator
73.0,SSH-Patator
44.0,SSH-Patator
205642.7407,SSH-Patator
83.0,SSH-Patator
210196.4423,SSH-Patator
76.0,SSH-Patator
223034.8846,SSH-Patator
222608.5962,SSH-Patator
222282.6731,SSH-Patator
77.0,SSH-Patator
93.0,SSH-Patator
228187.5769,SSH-Patator
227826.5962,SSH-Patator
44.0,SSH-Patator
111.0,SSH-Patator
236061.5,SSH-Patator
231533.6154,SSH-Patator
74.0,SSH-Patator
219979.8077,SSH-Patator
79.0,SSH-Patator
49.0,SSH-Patator
228157.1538,SSH-Patator
113.0,SSH-Patator
220399.4815,SSH-Patator
57.0,SSH-Patator
215323.1698,SSH-Patator
213707.7778,SSH-Patator
214696.7407,SSH-Patator
55.0,SSH-Patator
23.0,SSH-Patator
77.0,SSH-Patator
215752.9216,SSH-Patator
47.0,SSH-Patator
232423.9038,SSH-Patator
106.0,SSH-Patator
217515.717,SSH-Patator
221110.6154,SSH-Patator
73.0,SSH-Patator
83.0,SSH-Patator
230244.0192,SSH-Patator
74.0,SSH-Patator
238177.1429,SSH-Patator
